file,kind,signature
id:000000,sig:06,src:000004,time:23998,execs:11284,op:havoc,rep:3.min,sig:11 (SIGSEGV)," #0 0x55eb94b5879c (/src/install/iotmp_harness_dbg+0xfa79c) (BuildId: 7e90e6325e5c8c64f532fe83d555f52155f0edd2)
 #1 0x55eb94b55bd3 (/src/install/iotmp_harness_dbg+0xf7bd3) (BuildId: 7e90e6325e5c8c64f532fe83d555f52155f0edd2)
 #2 0x7f36787d1d8f (/lib/x86_64-linux-gnu/libc.so.6+0x29d8f) (BuildId: d5197096f709801829b118af1b7cf6631efa2dcd)"
id:000001,sig:06,src:000078,time:109480,execs:53075,op:havoc,rep:1.min,sig:11 (SIGSEGV)," #0 0x559a7c58579c (/src/install/iotmp_harness_dbg+0xfa79c) (BuildId: 7e90e6325e5c8c64f532fe83d555f52155f0edd2)
 #1 0x559a7c582bd3 (/src/install/iotmp_harness_dbg+0xf7bd3) (BuildId: 7e90e6325e5c8c64f532fe83d555f52155f0edd2)
 #2 0x7f049cfefd8f (/lib/x86_64-linux-gnu/libc.so.6+0x29d8f) (BuildId: d5197096f709801829b118af1b7cf6631efa2dcd)"
id:000002,sig:06,src:000078,time:112699,execs:54574,op:havoc,rep:2.min,sig:11 (SIGSEGV)," #0 0x55ba4a82f79c (/src/install/iotmp_harness_dbg+0xfa79c) (BuildId: 7e90e6325e5c8c64f532fe83d555f52155f0edd2)
 #1 0x55ba4a82cbd3 (/src/install/iotmp_harness_dbg+0xf7bd3) (BuildId: 7e90e6325e5c8c64f532fe83d555f52155f0edd2)
 #2 0x7f94d4072d8f (/lib/x86_64-linux-gnu/libc.so.6+0x29d8f) (BuildId: d5197096f709801829b118af1b7cf6631efa2dcd)"
id:000003,sig:06,src:000078,time:114547,execs:55443,op:havoc,rep:1.min,sig:11 (SIGSEGV)," #0 0x556123124770 (/src/install/iotmp_harness_dbg+0xfa770) (BuildId: 7e90e6325e5c8c64f532fe83d555f52155f0edd2)
 #1 0x556123121bd3 (/src/install/iotmp_harness_dbg+0xf7bd3) (BuildId: 7e90e6325e5c8c64f532fe83d555f52155f0edd2)
 #2 0x7f337c307d8f (/lib/x86_64-linux-gnu/libc.so.6+0x29d8f) (BuildId: d5197096f709801829b118af1b7cf6631efa2dcd)"
id:000004,sig:06,src:000078,time:116304,execs:56263,op:havoc,rep:2.min,sig:11 (SIGSEGV)," #0 0x564118d1f770 (/src/install/iotmp_harness_dbg+0xfa770) (BuildId: 7e90e6325e5c8c64f532fe83d555f52155f0edd2)
 #1 0x564118d1cbd3 (/src/install/iotmp_harness_dbg+0xf7bd3) (BuildId: 7e90e6325e5c8c64f532fe83d555f52155f0edd2)
 #2 0x7f9896525d8f (/lib/x86_64-linux-gnu/libc.so.6+0x29d8f) (BuildId: d5197096f709801829b118af1b7cf6631efa2dcd)"
id:000005,sig:06,src:000098,time:131504,execs:63365,op:havoc,rep:5.min,sig:11 (SIGSEGV)," #0 0x55a2c4fba770 (/src/install/iotmp_harness_dbg+0xfa770) (BuildId: 7e90e6325e5c8c64f532fe83d555f52155f0edd2)
 #1 0x55a2c4fb7bd3 (/src/install/iotmp_harness_dbg+0xf7bd3) (BuildId: 7e90e6325e5c8c64f532fe83d555f52155f0edd2)
 #2 0x7ff8f7710d8f (/lib/x86_64-linux-gnu/libc.so.6+0x29d8f) (BuildId: d5197096f709801829b118af1b7cf6631efa2dcd)"
id:000006,sig:06,src:000103,time:134022,execs:64553,op:havoc,rep:2.min,sig:11 (SIGSEGV)," #0 0x55646d26f770 (/src/install/iotmp_harness_dbg+0xfa770) (BuildId: 7e90e6325e5c8c64f532fe83d555f52155f0edd2)
 #1 0x55646d26cbd3 (/src/install/iotmp_harness_dbg+0xf7bd3) (BuildId: 7e90e6325e5c8c64f532fe83d555f52155f0edd2)
 #2 0x7f16034a3d8f (/lib/x86_64-linux-gnu/libc.so.6+0x29d8f) (BuildId: d5197096f709801829b118af1b7cf6631efa2dcd)"
id:000007,sig:06,src:000103,time:142372,execs:68474,op:havoc,rep:1.min,sig:11 (SIGSEGV)," #0 0x560fd746d79c (/src/install/iotmp_harness_dbg+0xfa79c) (BuildId: 7e90e6325e5c8c64f532fe83d555f52155f0edd2)
 #1 0x560fd746abd3 (/src/install/iotmp_harness_dbg+0xf7bd3) (BuildId: 7e90e6325e5c8c64f532fe83d555f52155f0edd2)
 #2 0x7f871d53dd8f (/lib/x86_64-linux-gnu/libc.so.6+0x29d8f) (BuildId: d5197096f709801829b118af1b7cf6631efa2dcd)"
id:000008,sig:06,src:000125,time:164583,execs:78843,op:havoc,rep:3.min,sig:11 (SIGSEGV)," #0 0x55e5cef2e770 (/src/install/iotmp_harness_dbg+0xfa770) (BuildId: 7e90e6325e5c8c64f532fe83d555f52155f0edd2)
 #1 0x55e5cef2bbd3 (/src/install/iotmp_harness_dbg+0xf7bd3) (BuildId: 7e90e6325e5c8c64f532fe83d555f52155f0edd2)
 #2 0x7f21ce0e8d8f (/lib/x86_64-linux-gnu/libc.so.6+0x29d8f) (BuildId: d5197096f709801829b118af1b7cf6631efa2dcd)"
id:000009,sig:06,src:000125,time:173667,execs:83084,op:havoc,rep:4.min,sig:11 (SIGSEGV)," #0 0x55bbf3971770 (/src/install/iotmp_harness_dbg+0xfa770) (BuildId: 7e90e6325e5c8c64f532fe83d555f52155f0edd2)
 #1 0x55bbf396ebd3 (/src/install/iotmp_harness_dbg+0xf7bd3) (BuildId: 7e90e6325e5c8c64f532fe83d555f52155f0edd2)
 #2 0x7f96d383ad8f (/lib/x86_64-linux-gnu/libc.so.6+0x29d8f) (BuildId: d5197096f709801829b118af1b7cf6631efa2dcd)"
id:000010,sig:06,src:000125,time:181492,execs:86775,op:havoc,rep:4.min,sig:11 (SIGSEGV)," #0 0x557d37151770 (/src/install/iotmp_harness_dbg+0xfa770) (BuildId: 7e90e6325e5c8c64f532fe83d555f52155f0edd2)
 #1 0x557d3714ebd3 (/src/install/iotmp_harness_dbg+0xf7bd3) (BuildId: 7e90e6325e5c8c64f532fe83d555f52155f0edd2)
 #2 0x7f0ade5d6d8f (/lib/x86_64-linux-gnu/libc.so.6+0x29d8f) (BuildId: d5197096f709801829b118af1b7cf6631efa2dcd)"
id:000011,sig:06,src:000125,time:185094,execs:88445,op:havoc,rep:3.min,sig:11 (SIGSEGV)," #0 0x5568a1b3a79c (/src/install/iotmp_harness_dbg+0xfa79c) (BuildId: 7e90e6325e5c8c64f532fe83d555f52155f0edd2)
 #1 0x5568a1b37bd3 (/src/install/iotmp_harness_dbg+0xf7bd3) (BuildId: 7e90e6325e5c8c64f532fe83d555f52155f0edd2)
 #2 0x7f3c7e892d8f (/lib/x86_64-linux-gnu/libc.so.6+0x29d8f) (BuildId: d5197096f709801829b118af1b7cf6631efa2dcd)"
id:000012,sig:06,src:000125,time:188453,execs:90012,op:havoc,rep:4.min,sig:11 (SIGSEGV)," #0 0x55e9ee09879c (/src/install/iotmp_harness_dbg+0xfa79c) (BuildId: 7e90e6325e5c8c64f532fe83d555f52155f0edd2)
 #1 0x55e9ee095bd3 (/src/install/iotmp_harness_dbg+0xf7bd3) (BuildId: 7e90e6325e5c8c64f532fe83d555f52155f0edd2)
 #2 0x7f7a0fc5ad8f (/lib/x86_64-linux-gnu/libc.so.6+0x29d8f) (BuildId: d5197096f709801829b118af1b7cf6631efa2dcd)"
id:000013,sig:06,src:000139,time:213629,execs:102020,op:havoc,rep:2.min,sig:11 (SIGSEGV)," #0 0x55815ae7279c (/src/install/iotmp_harness_dbg+0xfa79c) (BuildId: 7e90e6325e5c8c64f532fe83d555f52155f0edd2)
 #1 0x55815ae6fbd3 (/src/install/iotmp_harness_dbg+0xf7bd3) (BuildId: 7e90e6325e5c8c64f532fe83d555f52155f0edd2)
 #2 0x7f7576853d8f (/lib/x86_64-linux-gnu/libc.so.6+0x29d8f) (BuildId: d5197096f709801829b118af1b7cf6631efa2dcd)"
id:000014,sig:06,src:000035,time:232456,execs:110952,op:havoc,rep:14.min,sig:11 (SIGSEGV)," #0 0x55c92713379c (/src/install/iotmp_harness_dbg+0xfa79c) (BuildId: 7e90e6325e5c8c64f532fe83d555f52155f0edd2)
 #1 0x55c927130bd3 (/src/install/iotmp_harness_dbg+0xf7bd3) (BuildId: 7e90e6325e5c8c64f532fe83d555f52155f0edd2)
 #2 0x7f7ca4e40d8f (/lib/x86_64-linux-gnu/libc.so.6+0x29d8f) (BuildId: d5197096f709801829b118af1b7cf6631efa2dcd)"
id:000015,sig:06,src:000136,time:232899,execs:111164,op:havoc,rep:1.min,sig:11 (SIGSEGV)," #0 0x5578b9f78770 (/src/install/iotmp_harness_dbg+0xfa770) (BuildId: 7e90e6325e5c8c64f532fe83d555f52155f0edd2)
 #1 0x5578b9f75bd3 (/src/install/iotmp_harness_dbg+0xf7bd3) (BuildId: 7e90e6325e5c8c64f532fe83d555f52155f0edd2)
 #2 0x7fc1d5ca6d8f (/lib/x86_64-linux-gnu/libc.so.6+0x29d8f) (BuildId: d5197096f709801829b118af1b7cf6631efa2dcd)"
id:000016,sig:06,src:000136,time:234164,execs:111764,op:havoc,rep:15.min,sig:11 (SIGSEGV)," #0 0x561bd86574f0 (/src/install/iotmp_harness_dbg+0xfa4f0) (BuildId: 7e90e6325e5c8c64f532fe83d555f52155f0edd2)
 #1 0x561bd8654bd3 (/src/install/iotmp_harness_dbg+0xf7bd3) (BuildId: 7e90e6325e5c8c64f532fe83d555f52155f0edd2)
 #2 0x7f289bd45d8f (/lib/x86_64-linux-gnu/libc.so.6+0x29d8f) (BuildId: d5197096f709801829b118af1b7cf6631efa2dcd)"
id:000017,sig:06,src:000087,time:239620,execs:114267,op:quick,pos:8,val:+16.min,sig:11 (SIGSEGV)," #0 0x563a56b47770 (/src/install/iotmp_harness_dbg+0xfa770) (BuildId: 7e90e6325e5c8c64f532fe83d555f52155f0edd2)
 #1 0x563a56b44bd3 (/src/install/iotmp_harness_dbg+0xf7bd3) (BuildId: 7e90e6325e5c8c64f532fe83d555f52155f0edd2)
 #2 0x7f7fe6699d8f (/lib/x86_64-linux-gnu/libc.so.6+0x29d8f) (BuildId: d5197096f709801829b118af1b7cf6631efa2dcd)"
id:000018,sig:06,src:000185,time:244414,execs:116430,op:havoc,rep:4.min,sig:11 (SIGSEGV)," #0 0x56017a99a79c (/src/install/iotmp_harness_dbg+0xfa79c) (BuildId: 7e90e6325e5c8c64f532fe83d555f52155f0edd2)
 #1 0x56017a997bd3 (/src/install/iotmp_harness_dbg+0xf7bd3) (BuildId: 7e90e6325e5c8c64f532fe83d555f52155f0edd2)
 #2 0x7f4cb5856d8f (/lib/x86_64-linux-gnu/libc.so.6+0x29d8f) (BuildId: d5197096f709801829b118af1b7cf6631efa2dcd)"
id:000019,sig:06,src:000144,time:246090,execs:117209,op:havoc,rep:1.min,sig:11 (SIGSEGV)," #0 0x55f408d5179c (/src/install/iotmp_harness_dbg+0xfa79c) (BuildId: 7e90e6325e5c8c64f532fe83d555f52155f0edd2)
 #1 0x55f408d4ebd3 (/src/install/iotmp_harness_dbg+0xf7bd3) (BuildId: 7e90e6325e5c8c64f532fe83d555f52155f0edd2)
 #2 0x7f0474696d8f (/lib/x86_64-linux-gnu/libc.so.6+0x29d8f) (BuildId: d5197096f709801829b118af1b7cf6631efa2dcd)"
id:000020,sig:06,src:000002,time:270405,execs:128538,op:havoc,rep:7.min,sig:11 (SIGSEGV)," #0 0x55e23fd0b770 (/src/install/iotmp_harness_dbg+0xfa770) (BuildId: 7e90e6325e5c8c64f532fe83d555f52155f0edd2)
 #1 0x55e23fd08bd3 (/src/install/iotmp_harness_dbg+0xf7bd3) (BuildId: 7e90e6325e5c8c64f532fe83d555f52155f0edd2)
 #2 0x7fa98a1d7d8f (/lib/x86_64-linux-gnu/libc.so.6+0x29d8f) (BuildId: d5197096f709801829b118af1b7cf6631efa2dcd)"
id:000021,sig:06,src:000002,time:289206,execs:136947,op:havoc,rep:5.min,sig:11 (SIGSEGV)," #0 0x559a2a299770 (/src/install/iotmp_harness_dbg+0xfa770) (BuildId: 7e90e6325e5c8c64f532fe83d555f52155f0edd2)
 #1 0x559a2a296bd3 (/src/install/iotmp_harness_dbg+0xf7bd3) (BuildId: 7e90e6325e5c8c64f532fe83d555f52155f0edd2)
 #2 0x7f72a2c8fd8f (/lib/x86_64-linux-gnu/libc.so.6+0x29d8f) (BuildId: d5197096f709801829b118af1b7cf6631efa2dcd)"
id:000022,sig:06,src:000127,time:295317,execs:139772,op:havoc,rep:3.min,sig:11 (SIGSEGV)," #0 0x564ddbe4b79c (/src/install/iotmp_harness_dbg+0xfa79c) (BuildId: 7e90e6325e5c8c64f532fe83d555f52155f0edd2)
 #1 0x564ddbe48bd3 (/src/install/iotmp_harness_dbg+0xf7bd3) (BuildId: 7e90e6325e5c8c64f532fe83d555f52155f0edd2)
 #2 0x7efcb4aacd8f (/lib/x86_64-linux-gnu/libc.so.6+0x29d8f) (BuildId: d5197096f709801829b118af1b7cf6631efa2dcd)"
id:000023,sig:06,src:000164,time:301004,execs:142456,op:havoc,rep:2.min,sig:11 (SIGSEGV)," #0 0x55f0e391b770 (/src/install/iotmp_harness_dbg+0xfa770) (BuildId: 7e90e6325e5c8c64f532fe83d555f52155f0edd2)
 #1 0x55f0e3918bd3 (/src/install/iotmp_harness_dbg+0xf7bd3) (BuildId: 7e90e6325e5c8c64f532fe83d555f52155f0edd2)
 #2 0x7f731d8b4d8f (/lib/x86_64-linux-gnu/libc.so.6+0x29d8f) (BuildId: d5197096f709801829b118af1b7cf6631efa2dcd)"
id:000024,sig:06,src:000115,time:361839,execs:169176,op:havoc,rep:1.min,sig:11 (SIGSEGV)," #0 0x55df436ff770 (/src/install/iotmp_harness_dbg+0xfa770) (BuildId: 7e90e6325e5c8c64f532fe83d555f52155f0edd2)
 #1 0x55df436fcbd3 (/src/install/iotmp_harness_dbg+0xf7bd3) (BuildId: 7e90e6325e5c8c64f532fe83d555f52155f0edd2)
 #2 0x7fb7346b0d8f (/lib/x86_64-linux-gnu/libc.so.6+0x29d8f) (BuildId: d5197096f709801829b118af1b7cf6631efa2dcd)"
id:000025,sig:06,src:000206,time:418688,execs:195594,op:havoc,rep:8.min,sig:11 (SIGSEGV)," #0 0x558b85e42770 (/src/install/iotmp_harness_dbg+0xfa770) (BuildId: 7e90e6325e5c8c64f532fe83d555f52155f0edd2)
 #1 0x558b85e3fbd3 (/src/install/iotmp_harness_dbg+0xf7bd3) (BuildId: 7e90e6325e5c8c64f532fe83d555f52155f0edd2)
 #2 0x7f8c3ce50d8f (/lib/x86_64-linux-gnu/libc.so.6+0x29d8f) (BuildId: d5197096f709801829b118af1b7cf6631efa2dcd)"
id:000026,sig:06,src:000134,time:452554,execs:211479,op:havoc,rep:14.min,sig:11 (SIGSEGV)," #0 0x5580da74f4f0 (/src/install/iotmp_harness_dbg+0xfa4f0) (BuildId: 7e90e6325e5c8c64f532fe83d555f52155f0edd2)
 #1 0x5580da74cbd3 (/src/install/iotmp_harness_dbg+0xf7bd3) (BuildId: 7e90e6325e5c8c64f532fe83d555f52155f0edd2)
 #2 0x7f132b893d8f (/lib/x86_64-linux-gnu/libc.so.6+0x29d8f) (BuildId: d5197096f709801829b118af1b7cf6631efa2dcd)"
id:000027,sig:06,src:000127,time:469491,execs:219445,op:havoc,rep:14.min,sig:11 (SIGSEGV)," #0 0x55c149d51770 (/src/install/iotmp_harness_dbg+0xfa770) (BuildId: 7e90e6325e5c8c64f532fe83d555f52155f0edd2)
 #1 0x55c149d4ebd3 (/src/install/iotmp_harness_dbg+0xf7bd3) (BuildId: 7e90e6325e5c8c64f532fe83d555f52155f0edd2)
 #2 0x7fdcc250ad8f (/lib/x86_64-linux-gnu/libc.so.6+0x29d8f) (BuildId: d5197096f709801829b118af1b7cf6631efa2dcd)"
id:000028,sig:06,src:000205,time:530126,execs:248138,op:havoc,rep:9.min,sig:11 (SIGSEGV)," #0 0x55a98efa4770 (/src/install/iotmp_harness_dbg+0xfa770) (BuildId: 7e90e6325e5c8c64f532fe83d555f52155f0edd2)
 #1 0x55a98efa1bd3 (/src/install/iotmp_harness_dbg+0xf7bd3) (BuildId: 7e90e6325e5c8c64f532fe83d555f52155f0edd2)
 #2 0x7f591e2d8d8f (/lib/x86_64-linux-gnu/libc.so.6+0x29d8f) (BuildId: d5197096f709801829b118af1b7cf6631efa2dcd)"
id:000029,sig:06,src:000132,time:567613,execs:266203,op:havoc,rep:2.min,sig:11 (SIGSEGV)," #0 0x555a1db2d79c (/src/install/iotmp_harness_dbg+0xfa79c) (BuildId: 7e90e6325e5c8c64f532fe83d555f52155f0edd2)
 #1 0x555a1db2abd3 (/src/install/iotmp_harness_dbg+0xf7bd3) (BuildId: 7e90e6325e5c8c64f532fe83d555f52155f0edd2)
 #2 0x7ff39c006d8f (/lib/x86_64-linux-gnu/libc.so.6+0x29d8f) (BuildId: d5197096f709801829b118af1b7cf6631efa2dcd)"
id:000030,sig:06,src:000166,time:571595,execs:268107,op:havoc,rep:6.min,sig:11 (SIGSEGV)," #0 0x56079e42879c (/src/install/iotmp_harness_dbg+0xfa79c) (BuildId: 7e90e6325e5c8c64f532fe83d555f52155f0edd2)
 #1 0x56079e425bd3 (/src/install/iotmp_harness_dbg+0xf7bd3) (BuildId: 7e90e6325e5c8c64f532fe83d555f52155f0edd2)
 #2 0x7f0759837d8f (/lib/x86_64-linux-gnu/libc.so.6+0x29d8f) (BuildId: d5197096f709801829b118af1b7cf6631efa2dcd)"
id:000031,sig:06,src:000243,time:583426,execs:273773,op:havoc,rep:1.min,sig:11 (SIGSEGV)," #0 0x556e00604770 (/src/install/iotmp_harness_dbg+0xfa770) (BuildId: 7e90e6325e5c8c64f532fe83d555f52155f0edd2)
 #1 0x556e00601bd3 (/src/install/iotmp_harness_dbg+0xf7bd3) (BuildId: 7e90e6325e5c8c64f532fe83d555f52155f0edd2)
 #2 0x7fc3f62fcd8f (/lib/x86_64-linux-gnu/libc.so.6+0x29d8f) (BuildId: d5197096f709801829b118af1b7cf6631efa2dcd)"
id:000032,sig:06,src:000240,time:639754,execs:299510,op:havoc,rep:1.min,sig:11 (SIGSEGV)," #0 0x56264c6dc770 (/src/install/iotmp_harness_dbg+0xfa770) (BuildId: 7e90e6325e5c8c64f532fe83d555f52155f0edd2)
 #1 0x56264c6d9bd3 (/src/install/iotmp_harness_dbg+0xf7bd3) (BuildId: 7e90e6325e5c8c64f532fe83d555f52155f0edd2)
 #2 0x7efde644ad8f (/lib/x86_64-linux-gnu/libc.so.6+0x29d8f) (BuildId: d5197096f709801829b118af1b7cf6631efa2dcd)"
id:000033,sig:06,src:000195,time:669094,execs:312968,op:havoc,rep:14.min,sig:11 (SIGSEGV)," #0 0x560ff3da179c (/src/install/iotmp_harness_dbg+0xfa79c) (BuildId: 7e90e6325e5c8c64f532fe83d555f52155f0edd2)
 #1 0x560ff3d9ebd3 (/src/install/iotmp_harness_dbg+0xf7bd3) (BuildId: 7e90e6325e5c8c64f532fe83d555f52155f0edd2)
 #2 0x7f71e0f1cd8f (/lib/x86_64-linux-gnu/libc.so.6+0x29d8f) (BuildId: d5197096f709801829b118af1b7cf6631efa2dcd)"
id:000034,sig:06,src:000270,time:822130,execs:374929,op:havoc,rep:3.min,sig:11 (SIGSEGV)," #0 0x55944d4013e2 (/src/install/iotmp_harness_dbg+0xfa3e2) (BuildId: 7e90e6325e5c8c64f532fe83d555f52155f0edd2)
 #1 0x55944d3febd3 (/src/install/iotmp_harness_dbg+0xf7bd3) (BuildId: 7e90e6325e5c8c64f532fe83d555f52155f0edd2)
 #2 0x7f71a4518d8f (/lib/x86_64-linux-gnu/libc.so.6+0x29d8f) (BuildId: d5197096f709801829b118af1b7cf6631efa2dcd)"
id:000000,sig:11,src:000004,time:4927,execs:10777,op:havoc,rep:4.min,sig:11 (SIGSEGV)," #0 0x56034ebcf79c (/src/install/iotmp_harness_dbg+0xfa79c) (BuildId: 7e90e6325e5c8c64f532fe83d555f52155f0edd2)
 #1 0x56034ebccbd3 (/src/install/iotmp_harness_dbg+0xf7bd3) (BuildId: 7e90e6325e5c8c64f532fe83d555f52155f0edd2)
 #2 0x7f7c22aafd8f (/lib/x86_64-linux-gnu/libc.so.6+0x29d8f) (BuildId: d5197096f709801829b118af1b7cf6631efa2dcd)"
id:000001,sig:11,src:000096,time:24733,execs:55506,op:havoc,rep:12.min,sig:11 (SIGSEGV)," #0 0x556f8030d79c (/src/install/iotmp_harness_dbg+0xfa79c) (BuildId: 7e90e6325e5c8c64f532fe83d555f52155f0edd2)
 #1 0x556f8030abd3 (/src/install/iotmp_harness_dbg+0xf7bd3) (BuildId: 7e90e6325e5c8c64f532fe83d555f52155f0edd2)
 #2 0x7f6349172d8f (/lib/x86_64-linux-gnu/libc.so.6+0x29d8f) (BuildId: d5197096f709801829b118af1b7cf6631efa2dcd)"
id:000002,sig:11,src:000096,time:26226,execs:58888,op:havoc,rep:14.min,sig:11 (SIGSEGV)," #0 0x563dbcebd770 (/src/install/iotmp_harness_dbg+0xfa770) (BuildId: 7e90e6325e5c8c64f532fe83d555f52155f0edd2)
 #1 0x563dbcebabd3 (/src/install/iotmp_harness_dbg+0xf7bd3) (BuildId: 7e90e6325e5c8c64f532fe83d555f52155f0edd2)
 #2 0x7f302491ad8f (/lib/x86_64-linux-gnu/libc.so.6+0x29d8f) (BuildId: d5197096f709801829b118af1b7cf6631efa2dcd)"
id:000003,sig:11,src:000096,time:28036,execs:62946,op:havoc,rep:7.min,sig:11 (SIGSEGV)," #0 0x55f9e96ee79c (/src/install/iotmp_harness_dbg+0xfa79c) (BuildId: 7e90e6325e5c8c64f532fe83d555f52155f0edd2)
 #1 0x55f9e96ebbd3 (/src/install/iotmp_harness_dbg+0xf7bd3) (BuildId: 7e90e6325e5c8c64f532fe83d555f52155f0edd2)
 #2 0x7fa41a712d8f (/lib/x86_64-linux-gnu/libc.so.6+0x29d8f) (BuildId: d5197096f709801829b118af1b7cf6631efa2dcd)"
id:000004,sig:11,src:000096,time:29201,execs:65447,op:havoc,rep:14.min,sig:11 (SIGSEGV)," #0 0x5606973b579c (/src/install/iotmp_harness_dbg+0xfa79c) (BuildId: 7e90e6325e5c8c64f532fe83d555f52155f0edd2)
 #1 0x5606973b2bd3 (/src/install/iotmp_harness_dbg+0xf7bd3) (BuildId: 7e90e6325e5c8c64f532fe83d555f52155f0edd2)
 #2 0x7fcfb766fd8f (/lib/x86_64-linux-gnu/libc.so.6+0x29d8f) (BuildId: d5197096f709801829b118af1b7cf6631efa2dcd)"
id:000005,sig:11,src:000096,time:29466,execs:66023,op:havoc,rep:9.min,sig:11 (SIGSEGV)," #0 0x55ef378cd770 (/src/install/iotmp_harness_dbg+0xfa770) (BuildId: 7e90e6325e5c8c64f532fe83d555f52155f0edd2)
 #1 0x55ef378cabd3 (/src/install/iotmp_harness_dbg+0xf7bd3) (BuildId: 7e90e6325e5c8c64f532fe83d555f52155f0edd2)
 #2 0x7fb4140bad8f (/lib/x86_64-linux-gnu/libc.so.6+0x29d8f) (BuildId: d5197096f709801829b118af1b7cf6631efa2dcd)"
id:000006,sig:11,src:000096,time:30790,execs:68968,op:havoc,rep:6.min,sig:11 (SIGSEGV)," #0 0x562c6ac2a770 (/src/install/iotmp_harness_dbg+0xfa770) (BuildId: 7e90e6325e5c8c64f532fe83d555f52155f0edd2)
 #1 0x562c6ac27bd3 (/src/install/iotmp_harness_dbg+0xf7bd3) (BuildId: 7e90e6325e5c8c64f532fe83d555f52155f0edd2)
 #2 0x7f420d60bd8f (/lib/x86_64-linux-gnu/libc.so.6+0x29d8f) (BuildId: d5197096f709801829b118af1b7cf6631efa2dcd)"
id:000007,sig:11,src:000096,time:30920,execs:69258,op:havoc,rep:4.min,sig:11 (SIGSEGV)," #0 0x55fc7841279c (/src/install/iotmp_harness_dbg+0xfa79c) (BuildId: 7e90e6325e5c8c64f532fe83d555f52155f0edd2)
 #1 0x55fc7840fbd3 (/src/install/iotmp_harness_dbg+0xf7bd3) (BuildId: 7e90e6325e5c8c64f532fe83d555f52155f0edd2)
 #2 0x7f7dc7bf7d8f (/lib/x86_64-linux-gnu/libc.so.6+0x29d8f) (BuildId: d5197096f709801829b118af1b7cf6631efa2dcd)"
id:000008,sig:11,src:000096,time:33118,execs:74201,op:havoc,rep:12.min,sig:11 (SIGSEGV)," #0 0x5568b262679c (/src/install/iotmp_harness_dbg+0xfa79c) (BuildId: 7e90e6325e5c8c64f532fe83d555f52155f0edd2)
 #1 0x5568b2623bd3 (/src/install/iotmp_harness_dbg+0xf7bd3) (BuildId: 7e90e6325e5c8c64f532fe83d555f52155f0edd2)
 #2 0x7f834b7f3d8f (/lib/x86_64-linux-gnu/libc.so.6+0x29d8f) (BuildId: d5197096f709801829b118af1b7cf6631efa2dcd)"
id:000009,sig:11,src:000096,time:33932,execs:75942,op:havoc,rep:16.min,sig:11 (SIGSEGV)," #0 0x5587ef54079c (/src/install/iotmp_harness_dbg+0xfa79c) (BuildId: 7e90e6325e5c8c64f532fe83d555f52155f0edd2)
 #1 0x5587ef53dbd3 (/src/install/iotmp_harness_dbg+0xf7bd3) (BuildId: 7e90e6325e5c8c64f532fe83d555f52155f0edd2)
 #2 0x7f99103b3d8f (/lib/x86_64-linux-gnu/libc.so.6+0x29d8f) (BuildId: d5197096f709801829b118af1b7cf6631efa2dcd)"
id:000010,sig:11,src:000096,time:34889,execs:78062,op:havoc,rep:9.min,sig:11 (SIGSEGV)," #0 0x556f8be95770 (/src/install/iotmp_harness_dbg+0xfa770) (BuildId: 7e90e6325e5c8c64f532fe83d555f52155f0edd2)
 #1 0x556f8be92bd3 (/src/install/iotmp_harness_dbg+0xf7bd3) (BuildId: 7e90e6325e5c8c64f532fe83d555f52155f0edd2)
 #2 0x7f053d992d8f (/lib/x86_64-linux-gnu/libc.so.6+0x29d8f) (BuildId: d5197096f709801829b118af1b7cf6631efa2dcd)"
id:000011,sig:11,src:000096,time:36543,execs:81816,op:havoc,rep:7.min,sig:11 (SIGSEGV)," #0 0x55710ef7f79c (/src/install/iotmp_harness_dbg+0xfa79c) (BuildId: 7e90e6325e5c8c64f532fe83d555f52155f0edd2)
 #1 0x55710ef7cbd3 (/src/install/iotmp_harness_dbg+0xf7bd3) (BuildId: 7e90e6325e5c8c64f532fe83d555f52155f0edd2)
 #2 0x7f1adf41dd8f (/lib/x86_64-linux-gnu/libc.so.6+0x29d8f) (BuildId: d5197096f709801829b118af1b7cf6631efa2dcd)"
id:000012,sig:11,src:000164,time:42365,execs:94835,op:havoc,rep:9.min,sig:11 (SIGSEGV)," #0 0x55d5786b7770 (/src/install/iotmp_harness_dbg+0xfa770) (BuildId: 7e90e6325e5c8c64f532fe83d555f52155f0edd2)
 #1 0x55d5786b4bd3 (/src/install/iotmp_harness_dbg+0xf7bd3) (BuildId: 7e90e6325e5c8c64f532fe83d555f52155f0edd2)
 #2 0x7f1ac6a1bd8f (/lib/x86_64-linux-gnu/libc.so.6+0x29d8f) (BuildId: d5197096f709801829b118af1b7cf6631efa2dcd)"
id:000013,sig:11,src:000164,time:43902,execs:98197,op:havoc,rep:6.min,sig:11 (SIGSEGV)," #0 0x5590baf3579c (/src/install/iotmp_harness_dbg+0xfa79c) (BuildId: 7e90e6325e5c8c64f532fe83d555f52155f0edd2)
 #1 0x5590baf32bd3 (/src/install/iotmp_harness_dbg+0xf7bd3) (BuildId: 7e90e6325e5c8c64f532fe83d555f52155f0edd2)
 #2 0x7f2a13bffd8f (/lib/x86_64-linux-gnu/libc.so.6+0x29d8f) (BuildId: d5197096f709801829b118af1b7cf6631efa2dcd)"
id:000014,sig:11,src:000164,time:44127,execs:98711,op:havoc,rep:10.min,sig:11 (SIGSEGV)," #0 0x55ea5dcf079c (/src/install/iotmp_harness_dbg+0xfa79c) (BuildId: 7e90e6325e5c8c64f532fe83d555f52155f0edd2)
 #1 0x55ea5dcedbd3 (/src/install/iotmp_harness_dbg+0xf7bd3) (BuildId: 7e90e6325e5c8c64f532fe83d555f52155f0edd2)
 #2 0x7f9912efbd8f (/lib/x86_64-linux-gnu/libc.so.6+0x29d8f) (BuildId: d5197096f709801829b118af1b7cf6631efa2dcd)"
id:000015,sig:11,src:000164,time:44305,execs:99130,op:havoc,rep:12.min,sig:11 (SIGSEGV)," #0 0x5635699aa79c (/src/install/iotmp_harness_dbg+0xfa79c) (BuildId: 7e90e6325e5c8c64f532fe83d555f52155f0edd2)
 #1 0x5635699a7bd3 (/src/install/iotmp_harness_dbg+0xf7bd3) (BuildId: 7e90e6325e5c8c64f532fe83d555f52155f0edd2)
 #2 0x7fb754165d8f (/lib/x86_64-linux-gnu/libc.so.6+0x29d8f) (BuildId: d5197096f709801829b118af1b7cf6631efa2dcd)"
id:000016,sig:11,src:000164,time:47602,execs:106557,op:havoc,rep:3.min,sig:11 (SIGSEGV)," #0 0x55b1d301979c (/src/install/iotmp_harness_dbg+0xfa79c) (BuildId: 7e90e6325e5c8c64f532fe83d555f52155f0edd2)
 #1 0x55b1d3016bd3 (/src/install/iotmp_harness_dbg+0xf7bd3) (BuildId: 7e90e6325e5c8c64f532fe83d555f52155f0edd2)
 #2 0x7f2f30427d8f (/lib/x86_64-linux-gnu/libc.so.6+0x29d8f) (BuildId: d5197096f709801829b118af1b7cf6631efa2dcd)"
id:000017,sig:11,src:000188,time:48301,execs:108104,op:havoc,rep:2.min,sig:11 (SIGSEGV)," #0 0x55ac04f4879c (/src/install/iotmp_harness_dbg+0xfa79c) (BuildId: 7e90e6325e5c8c64f532fe83d555f52155f0edd2)
 #1 0x55ac04f45bd3 (/src/install/iotmp_harness_dbg+0xf7bd3) (BuildId: 7e90e6325e5c8c64f532fe83d555f52155f0edd2)
 #2 0x7f8757ee5d8f (/lib/x86_64-linux-gnu/libc.so.6+0x29d8f) (BuildId: d5197096f709801829b118af1b7cf6631efa2dcd)"
id:000018,sig:11,src:000188,time:50904,execs:113876,op:havoc,rep:1.min,sig:11 (SIGSEGV)," #0 0x55cd2a7734f0 (/src/install/iotmp_harness_dbg+0xfa4f0) (BuildId: 7e90e6325e5c8c64f532fe83d555f52155f0edd2)
 #1 0x55cd2a770bd3 (/src/install/iotmp_harness_dbg+0xf7bd3) (BuildId: 7e90e6325e5c8c64f532fe83d555f52155f0edd2)
 #2 0x7fdfea984d8f (/lib/x86_64-linux-gnu/libc.so.6+0x29d8f) (BuildId: d5197096f709801829b118af1b7cf6631efa2dcd)"
id:000019,sig:11,src:000188,time:52974,execs:118518,op:havoc,rep:2.min,sig:11 (SIGSEGV)," #0 0x560232f3f79c (/src/install/iotmp_harness_dbg+0xfa79c) (BuildId: 7e90e6325e5c8c64f532fe83d555f52155f0edd2)
 #1 0x560232f3cbd3 (/src/install/iotmp_harness_dbg+0xf7bd3) (BuildId: 7e90e6325e5c8c64f532fe83d555f52155f0edd2)
 #2 0x7f96f9953d8f (/lib/x86_64-linux-gnu/libc.so.6+0x29d8f) (BuildId: d5197096f709801829b118af1b7cf6631efa2dcd)"
id:000020,sig:11,src:000212,time:73653,execs:164639,op:havoc,rep:8.min,sig:11 (SIGSEGV)," #0 0x5617205d279c (/src/install/iotmp_harness_dbg+0xfa79c) (BuildId: 7e90e6325e5c8c64f532fe83d555f52155f0edd2)
 #1 0x5617205cfbd3 (/src/install/iotmp_harness_dbg+0xf7bd3) (BuildId: 7e90e6325e5c8c64f532fe83d555f52155f0edd2)
 #2 0x7f59abf96d8f (/lib/x86_64-linux-gnu/libc.so.6+0x29d8f) (BuildId: d5197096f709801829b118af1b7cf6631efa2dcd)"
id:000021,sig:11,src:000116,time:74908,execs:167427,op:havoc,rep:3.min,sig:11 (SIGSEGV)," #0 0x55b2b4cd979c (/src/install/iotmp_harness_dbg+0xfa79c) (BuildId: 7e90e6325e5c8c64f532fe83d555f52155f0edd2)
 #1 0x55b2b4cd6bd3 (/src/install/iotmp_harness_dbg+0xf7bd3) (BuildId: 7e90e6325e5c8c64f532fe83d555f52155f0edd2)
 #2 0x7fcc88989d8f (/lib/x86_64-linux-gnu/libc.so.6+0x29d8f) (BuildId: d5197096f709801829b118af1b7cf6631efa2dcd)"
id:000022,sig:11,src:000176,time:83261,execs:185950,op:havoc,rep:6.min,sig:11 (SIGSEGV)," #0 0x55c4ef1e679c (/src/install/iotmp_harness_dbg+0xfa79c) (BuildId: 7e90e6325e5c8c64f532fe83d555f52155f0edd2)
 #1 0x55c4ef1e3bd3 (/src/install/iotmp_harness_dbg+0xf7bd3) (BuildId: 7e90e6325e5c8c64f532fe83d555f52155f0edd2)
 #2 0x7f5c6e056d8f (/lib/x86_64-linux-gnu/libc.so.6+0x29d8f) (BuildId: d5197096f709801829b118af1b7cf6631efa2dcd)"
id:000023,sig:11,src:000232,time:84887,execs:189478,op:havoc,rep:7.min,sig:11 (SIGSEGV)," #0 0x556612f2679c (/src/install/iotmp_harness_dbg+0xfa79c) (BuildId: 7e90e6325e5c8c64f532fe83d555f52155f0edd2)
 #1 0x556612f23bd3 (/src/install/iotmp_harness_dbg+0xf7bd3) (BuildId: 7e90e6325e5c8c64f532fe83d555f52155f0edd2)
 #2 0x7f5a54fced8f (/lib/x86_64-linux-gnu/libc.so.6+0x29d8f) (BuildId: d5197096f709801829b118af1b7cf6631efa2dcd)"
id:000024,sig:11,src:000126,time:89943,execs:200557,op:havoc,rep:4.min,sig:11 (SIGSEGV)," #0 0x55a50ab5a79c (/src/install/iotmp_harness_dbg+0xfa79c) (BuildId: 7e90e6325e5c8c64f532fe83d555f52155f0edd2)
 #1 0x55a50ab57bd3 (/src/install/iotmp_harness_dbg+0xf7bd3) (BuildId: 7e90e6325e5c8c64f532fe83d555f52155f0edd2)
 #2 0x7f3a2a9e2d8f (/lib/x86_64-linux-gnu/libc.so.6+0x29d8f) (BuildId: d5197096f709801829b118af1b7cf6631efa2dcd)"
id:000025,sig:11,src:000224,time:90043,execs:200782,op:havoc,rep:2.min,sig:11 (SIGSEGV)," #0 0x55f04c9e94f0 (/src/install/iotmp_harness_dbg+0xfa4f0) (BuildId: 7e90e6325e5c8c64f532fe83d555f52155f0edd2)
 #1 0x55f04c9e6bd3 (/src/install/iotmp_harness_dbg+0xf7bd3) (BuildId: 7e90e6325e5c8c64f532fe83d555f52155f0edd2)
 #2 0x7ffa38a38d8f (/lib/x86_64-linux-gnu/libc.so.6+0x29d8f) (BuildId: d5197096f709801829b118af1b7cf6631efa2dcd)"
id:000026,sig:11,src:000238,time:97076,execs:216359,op:havoc,rep:7.min,sig:11 (SIGSEGV)," #0 0x556a5a10379c (/src/install/iotmp_harness_dbg+0xfa79c) (BuildId: 7e90e6325e5c8c64f532fe83d555f52155f0edd2)
 #1 0x556a5a100bd3 (/src/install/iotmp_harness_dbg+0xf7bd3) (BuildId: 7e90e6325e5c8c64f532fe83d555f52155f0edd2)
 #2 0x7fc31e4ead8f (/lib/x86_64-linux-gnu/libc.so.6+0x29d8f) (BuildId: d5197096f709801829b118af1b7cf6631efa2dcd)"
id:000027,sig:11,src:000156,time:168765,execs:363785,op:havoc,rep:7.min,sig:11 (SIGSEGV)," #0 0x55d7205f779c (/src/install/iotmp_harness_dbg+0xfa79c) (BuildId: 7e90e6325e5c8c64f532fe83d555f52155f0edd2)
 #1 0x55d7205f4bd3 (/src/install/iotmp_harness_dbg+0xf7bd3) (BuildId: 7e90e6325e5c8c64f532fe83d555f52155f0edd2)
 #2 0x7fc550477d8f (/lib/x86_64-linux-gnu/libc.so.6+0x29d8f) (BuildId: d5197096f709801829b118af1b7cf6631efa2dcd)"
id:000028,sig:11,src:000256,time:172294,execs:369381,op:havoc,rep:1.min,sig:11 (SIGSEGV)," #0 0x5622ab8df4f0 (/src/install/iotmp_harness_dbg+0xfa4f0) (BuildId: 7e90e6325e5c8c64f532fe83d555f52155f0edd2)
 #1 0x5622ab8dcbd3 (/src/install/iotmp_harness_dbg+0xf7bd3) (BuildId: 7e90e6325e5c8c64f532fe83d555f52155f0edd2)
 #2 0x7ffb8fddfd8f (/lib/x86_64-linux-gnu/libc.so.6+0x29d8f) (BuildId: d5197096f709801829b118af1b7cf6631efa2dcd)"
id:000029,sig:11,src:000192,time:198996,execs:422639,op:havoc,rep:1.min,sig:11 (SIGSEGV)," #0 0x55d2fe83779c (/src/install/iotmp_harness_dbg+0xfa79c) (BuildId: 7e90e6325e5c8c64f532fe83d555f52155f0edd2)
 #1 0x55d2fe834bd3 (/src/install/iotmp_harness_dbg+0xf7bd3) (BuildId: 7e90e6325e5c8c64f532fe83d555f52155f0edd2)
 #2 0x7f0160473d8f (/lib/x86_64-linux-gnu/libc.so.6+0x29d8f) (BuildId: d5197096f709801829b118af1b7cf6631efa2dcd)"
id:000030,sig:11,src:000224,time:321505,execs:648737,op:havoc,rep:4.min,sig:11 (SIGSEGV)," #0 0x55668b8ff770 (/src/install/iotmp_harness_dbg+0xfa770) (BuildId: 7e90e6325e5c8c64f532fe83d555f52155f0edd2)
 #1 0x55668b8fcbd3 (/src/install/iotmp_harness_dbg+0xf7bd3) (BuildId: 7e90e6325e5c8c64f532fe83d555f52155f0edd2)
 #2 0x7f09ece9bd8f (/lib/x86_64-linux-gnu/libc.so.6+0x29d8f) (BuildId: d5197096f709801829b118af1b7cf6631efa2dcd)"
id:000031,sig:11,src:000049,time:382274,execs:776361,op:havoc,rep:27.min,sig:11 (SIGSEGV)," #0 0x55c04256f770 (/src/install/iotmp_harness_dbg+0xfa770) (BuildId: 7e90e6325e5c8c64f532fe83d555f52155f0edd2)
 #1 0x55c04256cbd3 (/src/install/iotmp_harness_dbg+0xf7bd3) (BuildId: 7e90e6325e5c8c64f532fe83d555f52155f0edd2)
 #2 0x7ffaadab6d8f (/lib/x86_64-linux-gnu/libc.so.6+0x29d8f) (BuildId: d5197096f709801829b118af1b7cf6631efa2dcd)"
id:000032,sig:11,src:000230,time:451220,execs:920955,op:havoc,rep:50.min,sig:11 (SIGSEGV)," #0 0x556d3420d79c (/src/install/iotmp_harness_dbg+0xfa79c) (BuildId: 7e90e6325e5c8c64f532fe83d555f52155f0edd2)
 #1 0x556d3420abd3 (/src/install/iotmp_harness_dbg+0xf7bd3) (BuildId: 7e90e6325e5c8c64f532fe83d555f52155f0edd2)
 #2 0x7f07b19d0d8f (/lib/x86_64-linux-gnu/libc.so.6+0x29d8f) (BuildId: d5197096f709801829b118af1b7cf6631efa2dcd)"
id:000033,sig:11,src:000188,time:479674,execs:979357,op:havoc,rep:1.min,sig:11 (SIGSEGV)," #0 0x55e14a3d079c (/src/install/iotmp_harness_dbg+0xfa79c) (BuildId: 7e90e6325e5c8c64f532fe83d555f52155f0edd2)
 #1 0x55e14a3cdbd3 (/src/install/iotmp_harness_dbg+0xf7bd3) (BuildId: 7e90e6325e5c8c64f532fe83d555f52155f0edd2)
 #2 0x7f5f293e4d8f (/lib/x86_64-linux-gnu/libc.so.6+0x29d8f) (BuildId: d5197096f709801829b118af1b7cf6631efa2dcd)"
id:000034,sig:11,src:000090,time:543623,execs:1107271,op:havoc,rep:19.min,sig:11 (SIGSEGV)," #0 0x55a5f2e0b79c (/src/install/iotmp_harness_dbg+0xfa79c) (BuildId: 7e90e6325e5c8c64f532fe83d555f52155f0edd2)
 #1 0x55a5f2e08bd3 (/src/install/iotmp_harness_dbg+0xf7bd3) (BuildId: 7e90e6325e5c8c64f532fe83d555f52155f0edd2)
 #2 0x7f10b42dcd8f (/lib/x86_64-linux-gnu/libc.so.6+0x29d8f) (BuildId: d5197096f709801829b118af1b7cf6631efa2dcd)"
id:000035,sig:11,src:000188,time:611140,execs:1245926,op:havoc,rep:5.min,sig:11 (SIGSEGV)," #0 0x55b3df83e79c (/src/install/iotmp_harness_dbg+0xfa79c) (BuildId: 7e90e6325e5c8c64f532fe83d555f52155f0edd2)
 #1 0x55b3df83bbd3 (/src/install/iotmp_harness_dbg+0xf7bd3) (BuildId: 7e90e6325e5c8c64f532fe83d555f52155f0edd2)
 #2 0x7f3302dd6d8f (/lib/x86_64-linux-gnu/libc.so.6+0x29d8f) (BuildId: d5197096f709801829b118af1b7cf6631efa2dcd)"
id:000036,sig:11,src:000359,time:724063,execs:1474067,op:havoc,rep:21.min,sig:11 (SIGSEGV)," #0 0x556d989f279c (/src/install/iotmp_harness_dbg+0xfa79c) (BuildId: 7e90e6325e5c8c64f532fe83d555f52155f0edd2)
 #1 0x556d989efbd3 (/src/install/iotmp_harness_dbg+0xf7bd3) (BuildId: 7e90e6325e5c8c64f532fe83d555f52155f0edd2)
 #2 0x7f78b2e77d8f (/lib/x86_64-linux-gnu/libc.so.6+0x29d8f) (BuildId: d5197096f709801829b118af1b7cf6631efa2dcd)"
id:000037,sig:11,src:000360,time:826883,execs:1664043,op:havoc,rep:55.min,sig:11 (SIGSEGV)," #0 0x55f8cbc2079c (/src/install/iotmp_harness_dbg+0xfa79c) (BuildId: 7e90e6325e5c8c64f532fe83d555f52155f0edd2)
 #1 0x55f8cbc1dbd3 (/src/install/iotmp_harness_dbg+0xf7bd3) (BuildId: 7e90e6325e5c8c64f532fe83d555f52155f0edd2)
 #2 0x7ffb2cb8ed8f (/lib/x86_64-linux-gnu/libc.so.6+0x29d8f) (BuildId: d5197096f709801829b118af1b7cf6631efa2dcd)"
